id,reference,category,quantity,price,service_name,description,notes,user_id,created_at,updated_at
1,portal reboot,SUPREME_LUXURY,34818,96959,VIDEO_EDITING,North Franc upward-trending,Berkshire Buckinghamshire,2,2022-07-07T17:12:55,2022-07-07T12:46:05
2,Salad,SUPER_LUXURY,67206,1403,VIDEO_EDITING,Investment synergize,feed Oval Creek,2,2022-07-08T04:28:18,2022-07-08T04:26:44
3,Virginia Finland,LUXURY,3657,80522,VIDEO_EDITING,generate,web-enabled Oro Awesome,2,2022-07-07T20:07:25,2022-07-08T01:41:05
4,Bedfordshire,LUXURY,28537,90448,PHOTO_EDITING,Brand,impactful protocol programming,2,2022-07-07T11:05:55,2022-07-07T20:42:41
5,channels,SUPER_LUXURY,95921,73833,VIDEO_EDITING,connecting Pizza interfaces,Web even-keeled,2,2022-07-08T01:27:00,2022-07-07T16:06:33
6,Cambridgeshire invoice bypassing,LUXURY,45698,6092,VIDEO_EDITING,matrix,initiatives Personal hacking,2,2022-07-08T04:08:07,2022-07-07T12:29:21
7,Tasty,LUXURY,11686,18730,PHOTO_EDITING,Harbors cohesive Denar,tertiary ivory,2,2022-07-07T08:10:10,2022-07-07T12:00:05
8,payment,SUPER_LUXURY,56270,86733,PHOTO_EDITING,Chips Denar Belarus,niches software Money,2,2022-07-08T02:19:57,2022-07-07T20:00:45
9,payment virtual,LUXURY,87239,89018,PHOTO_EDITING,schemas Mouse purple,intermediate Account,2,2022-07-08T06:15:58,2022-07-07T08:49:03
10,Mountain Senegal,LUXURY,66362,36215,VIDEO_EDITING,Engineer pixel improvement,Berkshire COM Shirt,2,2022-07-08T04:35:33,2022-07-08T06:46:12
